{"cameraMode":{"drawMode":0,"name":"Shaded","section":"Shading Mode"},"sceneLighting":false,"audioPlay":false,"sceneViewState":{"showFog":true,"showMaterialUpdate":false,"showSkybox":false,"showFlares":true,"showImageEffects":true,"showParticleSystems":true},"in2DMode":false,"pivot":{"x":1.1641532182693482e-10,"y":-0.0017000001389533282,"z":2.3283064365386965e-10},"rotation":{"x":-0.14409929513931275,"y":-0.8182286620140076,"z":0.2333451360464096,"w":-0.5052774548530579},"size":0.9024495482444763,"orthographic":false}